{"_wandb":{"runtime":1},"accuracy":0.9,"_timestamp":1.7501737661185389e+09,"_runtime":1.6791445,"_step":0}