{"_runtime":1.4004041,"_step":0,"accuracy":0.9,"_timestamp":1.7501739288561335e+09,"_wandb":{"runtime":1}}